source_container,source_path,packaged_path,bytes,sha256
EXP2.zip,frozen_assets/Problems_main.json,benchmark/source/Problems_main.json,3490676,0659357ec73ce0be5af589bba7a2ad0646a8b353c6699bf0464e966b87dfe1c0
EXP2.zip,frozen_assets/FROZEN_HASHES.json,benchmark/source/FROZEN_HASHES.json,671,e4ac2a0bf046f00550764bf0679db4cd7c3a41c6cec5a91efcd637ef91db4974
EXP2.zip,frozen_assets/_checker_specs_41.json,benchmark/source/_checker_specs_41.json,786487,a7989ead9b4bd431d90a3ed6c424f545a46326b8d085c10654ad94c6dd00a31d
EXP2.zip,frozen_assets/_checker_specs_45.json,benchmark/source/_checker_specs_45.json,1077552,1cfcee66aaba78e541ea7e712da649a3098c6a352e35037c45922d43878a1e28
EXP2.zip,frozen_assets/checkers.py,benchmark/source/checkers.py,14052,7dda8108bee09373f77235aba5c6b06e33d6fa5a819cbd5fa7f46aef45e2864a
EXP2.zip,frozen_assets/formulation_audit.py,benchmark/source/formulation_audit.py,38117,420dfbe54f26e516cb9ba7daf01aa653b963244b8eead71244449b231268d654
EXP2.zip,exp2_bases/base_p1.py,candidates/bases/base_p1.py,2699,2ae3785532915d58b8e465a0c6940b40648748d93c9701e7b85520ead2146854
EXP2.zip,exp2_bases/base_p10.py,candidates/bases/base_p10.py,3248,4e2a4d84ba706ffae83ae88048da6e87f5f36018a30c7e9b3a8be646b47a2d84
EXP2.zip,exp2_bases/base_p12.py,candidates/bases/base_p12.py,6806,d440320770afa12b7a3c3eb80d9fb2aaa0b30cd0228c9c613055456fdb3ccf7a
EXP2.zip,exp2_bases/base_p17.py,candidates/bases/base_p17.py,12786,62eebd8c4cceda8ad1899662845c95ad0ff17b3a661cd29db3dc7f7308ab2551
EXP2.zip,exp2_bases/base_p22.py,candidates/bases/base_p22.py,6951,5442a73d2f371de975d296fc816cf48aff94dd7bc9e42ca4d526b534e6c0fb7c
EXP2.zip,exp2_bases/base_p23.py,candidates/bases/base_p23.py,38587,8092f4e9dc806fecf2a4b8d899a4d938cc7ee5ef6c2f218913be639944e8cd34
EXP2.zip,exp2_bases/base_p27.py,candidates/bases/base_p27.py,11985,916131245cd80262cfbebf45714003b0e9f0e1783bc7cd1c87f4c80e1bdde2e8
EXP2.zip,exp2_bases/base_p28.py,candidates/bases/base_p28.py,13486,d7450c958760a698b89b9c6ffd0f7afda15a5369f9e4847da4c3997f76e021bf
EXP2.zip,exp2_bases/base_p29.py,candidates/bases/base_p29.py,6523,f37be8dec9615e77613a0831ad1160657e4b71c03c3f0f05e2370d9c9bc2849c
EXP2.zip,exp2_bases/base_p3.py,candidates/bases/base_p3.py,3177,d2e63fc107d6af27fd25047f1ecd63e7ad97d8e1b858f0845bd6b43b1bafc7ef
EXP2.zip,exp2_bases/base_p30.py,candidates/bases/base_p30.py,3008,4d5e713911d77e31de92fb9872ea6d15bb55a273bd48fc0466442a8a94003fb1
EXP2.zip,exp2_bases/base_p31.py,candidates/bases/base_p31.py,6874,0bf10334f94396fade2ba8162bee4c736f21a54fd6b2bedbabfa9d48fe14d11c
EXP2.zip,exp2_bases/base_p32.py,candidates/bases/base_p32.py,14760,eca709a0bbc54de7774f091ae93589a25e9707401738041429df3f11073f4551
EXP2.zip,exp2_bases/base_p34.py,candidates/bases/base_p34.py,2704,b6e96ad10294a58da5d3e7254da66a9162fdbf68128582ca56c48e0d30b73176
EXP2.zip,exp2_bases/base_p35.py,candidates/bases/base_p35.py,2730,250c1fea588c3f0bd392779c17834320c106484522c401c7d37a92441c4ae4e4
EXP2.zip,exp2_bases/base_p36.py,candidates/bases/base_p36.py,5359,943343930dff79001d85eb3c54c019c4eeba2dcc257aaa324864cc4bd35a4e06
EXP2.zip,exp2_bases/base_p37.py,candidates/bases/base_p37.py,4571,51d7e7ef96d1babdb39ac4865a64696be4b9b4b71800dc509ef305a22dbf00f2
EXP2.zip,exp2_bases/base_p38.py,candidates/bases/base_p38.py,8994,a390577703617467a1e298c8f7189f269108bbb03705910219d9884586a65c03
EXP2.zip,exp2_bases/base_p39.py,candidates/bases/base_p39.py,4298,948d4a87f47afc9fb1043aebbcbcb7c657054a33258c6d862db2b0b92fa9cdc5
EXP2.zip,exp2_bases/base_p40.py,candidates/bases/base_p40.py,5921,7d6611af600c72ae560082b3ad7e36b816dbdb79f4358c7a9c3a292b232da1d7
EXP2.zip,exp2_bases/base_p41.py,candidates/bases/base_p41.py,3024,e9aedd3471d81aab60d5da96c5d93931561356987d0d1301bd03361a8b1d7979
EXP2.zip,exp2_bases/base_p42.py,candidates/bases/base_p42.py,3197,2abb0249a1be547588cd1d812aad314cb118439b832a833ea3a53323c60bf194
EXP2.zip,exp2_bases/base_p43.py,candidates/bases/base_p43.py,3221,ca53f7eb401dd0e40829b60a3fa667d9effb4be538ae4e5630b68a6bdd274743
EXP2.zip,exp2_bases/base_p44.py,candidates/bases/base_p44.py,4927,2f58d2421a42236b2f57824f17110037f15c7bc96bc23ad94f74adeb8af014ad
EXP2.zip,exp2_bases/base_p45.py,candidates/bases/base_p45.py,2784,6c4bec6a6a1927513bc0271c36106bc483ab88812fa68c8ef6d0d3487cb19880
EXP2.zip,exp2_bases/base_p5.py,candidates/bases/base_p5.py,3560,d4ab6d9971aa123d52c229efcb15bd91f99931e1d988a5d75052f3be95098b8b
EXP2.zip,exp2_bases/base_p6.py,candidates/bases/base_p6.py,5064,077d6eef014d1207964f61a3c6d098bdbe82f012156e3c5dc89b7c6573ed81a2
EXP2.zip,exp2_bases/base_p8.py,candidates/bases/base_p8.py,3171,2caf1a55b1c4dd213db4756d17c3a12e861c484b07d1e4c1662d9190ca9a415e
EXP2.zip,exp2_bases/base_p9.py,candidates/bases/base_p9.py,3587,6772d3a13dfab6e30f4e9bce00e4b1efb4611e9b664be34ed26b2f717d43feb7
EXP2.zip,mutants/mut_p10_R_cloth_constraint.py,candidates/mutants/mut_p10_R_cloth_constraint.py,3252,d1639cfc183e7c2882115e85ba8634d11f20921097d721fe85c5cdc8153505b9
EXP2.zip,mutants/mut_p10_R_labor_constraint.py,candidates/mutants/mut_p10_R_labor_constraint.py,3252,1b0e1e763988214fb94e8e13216be380daebb8d137b9fa99f0035c4e3d8fb70e
EXP2.zip,mutants/mut_p10_R_obj_shirts_objective.py,candidates/mutants/mut_p10_R_obj_shirts_objective.py,3250,b958c20e6050c9651d44ee2fb69c257f5c6b066cb60b3f537be17de43005177b
EXP2.zip,mutants/mut_p12_R_cap_c1_constraint.py,candidates/mutants/mut_p12_R_cap_c1_constraint.py,6810,46f4bb347e70652cb793c76eebfa7e1c3e4e211588af0aeb63f652214b87d4a7
EXP2.zip,mutants/mut_p12_R_dem_s1_constraint.py,candidates/mutants/mut_p12_R_dem_s1_constraint.py,6810,98cad74ea7aa4688628db2874d84b7988e5c44e144700d6038cdb695f1aaf171
EXP2.zip,mutants/mut_p12_R_obj_y_c1_objective.py,candidates/mutants/mut_p12_R_obj_y_c1_objective.py,6808,f10dfd4d9710ad1ba837849384fa23fd3d8b12ac4e58388f5f789596f1915fff
EXP2.zip,mutants/mut_p17_R_cap_c1_constraint.py,candidates/mutants/mut_p17_R_cap_c1_constraint.py,12790,c50117d2b458e206f167580c20a7b5a90e8c9632e99bcdb4a3a4ecee407d37aa
EXP2.zip,mutants/mut_p17_R_obj_y_c4_objective.py,candidates/mutants/mut_p17_R_obj_y_c4_objective.py,12788,71999a1cb11bbc4d7315808337b3849de31d38a1ba27f6e565cbc1b4c1a549c5
EXP2.zip,mutants/mut_p17_R_open_binary_y_c1_domain.py,candidates/mutants/mut_p17_R_open_binary_y_c1_domain.py,12786,c40a06bbb2acd7eed85bea8ef45e53f4dde9df3a5634a5524c3b2e8b7653bca9
EXP2.zip,mutants/mut_p1_R5_domain.py,candidates/mutants/mut_p1_R5_domain.py,2661,9a2dd531f7ccc52f2140e944b07a39e693aa075e5a85c5e469ed8b2c58aabebd
EXP2.zip,mutants/mut_p1_R6_alloc11_lower_bound.py,candidates/mutants/mut_p1_R6_alloc11_lower_bound.py,2729,2efee44b903f14c7d8e84880b32f0ff034374e90f8ac12f6ceb9be5144828290
EXP2.zip,mutants/mut_p1_R7_objective.py,candidates/mutants/mut_p1_R7_objective.py,2703,0861721c72d4192d2e36678bde5de3234e2a28ee4c2716b5799a9cdacf85394d
EXP2.zip,mutants/mut_p22_R_bottleneck_B_C_constraint.py,candidates/mutants/mut_p22_R_bottleneck_B_C_constraint.py,6955,101234085938aca37a2d48f2cdab2d4d4fe060050b4f9c0268912c3b81b7de1a
EXP2.zip,mutants/mut_p22_R_bottleneck_C_E_constraint.py,candidates/mutants/mut_p22_R_bottleneck_C_E_constraint.py,6955,d9cc5d08a233a408278fd84b13e79c3efa7c4a65e1793b632a4f2f1a68ce657a
EXP2.zip,mutants/mut_p22_R_obj_z_objective.py,candidates/mutants/mut_p22_R_obj_z_objective.py,6953,17c99bf5ab14a99392b587c9c325add2188267367b5a15045a6b1021e9f41948
EXP2.zip,mutants/mut_p23_R_choose_one_combo_constraint.py,candidates/mutants/mut_p23_R_choose_one_combo_constraint.py,38587,44d2782126a3ae41bdaabc58b57aa50f7c412c656d192534b55a59d0c67e1f3e
EXP2.zip,mutants/mut_p23_R_obj_w_0_0_0_objective.py,candidates/mutants/mut_p23_R_obj_w_0_0_0_objective.py,38587,988d8729811ff488dd5a23d1db7817ed6219fe314b1b535a9f435bd8ad23151f
EXP2.zip,mutants/mut_p23_R_weight_constraint.py,candidates/mutants/mut_p23_R_weight_constraint.py,38589,0836d676d55254794e0f95b7958ea94dd16100bffc022e49880f665d61f8e2a5
EXP2.zip,mutants/mut_p27_R_mtz_2_3_constraint.py,candidates/mutants/mut_p27_R_mtz_2_3_constraint.py,11987,14be2fad810d6505b8f76ee71b256e9d2727e4c130eba56a2190e5f363e533dc
EXP2.zip,mutants/mut_p27_R_mtz_2_4_constraint.py,candidates/mutants/mut_p27_R_mtz_2_4_constraint.py,11987,81ea7354604602c18faffb7a1a8f814e9a4fca1679b9b4bd8b3dd74093f10249
EXP2.zip,mutants/mut_p27_R_obj_x_1_5_objective.py,candidates/mutants/mut_p27_R_obj_x_1_5_objective.py,11987,8f29132152d14fd07f4177ba7eb5374649c707ad4ef305b43499c19b32369e2d
EXP2.zip,mutants/mut_p28_R_demand_Ancona_constraint.py,candidates/mutants/mut_p28_R_demand_Ancona_constraint.py,13486,0045ed4d07e75b8a488708bac35ceb6b5631691d88c04596237f820acc80faf1
EXP2.zip,mutants/mut_p28_R_integer_t_t_Verona_Genoa_domain.py,candidates/mutants/mut_p28_R_integer_t_t_Verona_Genoa_domain.py,13486,34a9f71bb0723fbd681b4cb8c166745a502489496132c0044b6a5bb301e68258
EXP2.zip,mutants/mut_p28_R_obj_t_Verona_Venice_objective.py,candidates/mutants/mut_p28_R_obj_t_Verona_Venice_objective.py,13488,c62ba7369d8a9a79cc2dd75985aeb8b481beddfce74def9bfcea268ec8de24bb
EXP2.zip,mutants/mut_p29_R_obj_x_I_B_objective.py,candidates/mutants/mut_p29_R_obj_x_I_B_objective.py,6525,4161a266c8dd8485ce548b5a086a4f4c7a68eade5951fd5b735e13f2d669c108
EXP2.zip,mutants/mut_p29_R_task_A_constraint.py,candidates/mutants/mut_p29_R_task_A_constraint.py,6523,95afc9587cea24966ac23fb29c057938ab2d31e8290c0c65ad2a144488f57151
EXP2.zip,mutants/mut_p29_R_task_B_constraint.py,candidates/mutants/mut_p29_R_task_B_constraint.py,6523,8277e16c45dc7a95ba60d2544ff82d834e410040e9b6a3af26722370d7a9079e
EXP2.zip,mutants/mut_p30_Rfinal_misspec.py,candidates/mutants/mut_p30_Rfinal_misspec.py,3008,4f5b0d894754208ec7644c69cfa6a1b384480422d7458ff92c34a48154aa579e
EXP2.zip,mutants/mut_p30_Rlimit2_misspec.py,candidates/mutants/mut_p30_Rlimit2_misspec.py,3016,e855c8d9fe8b88c2e3f9be47941cbaa938340c5fcb297bb8dfd6455cc90aba18
EXP2.zip,mutants/mut_p30_Robj_objective.py,candidates/mutants/mut_p30_Robj_objective.py,3012,4adb7595fed38032bdbf37edf2b0e20105b417e8a45c926d961b2f70359015ee
EXP2.zip,mutants/mut_p30_Ryear2_misspec.py,candidates/mutants/mut_p30_Ryear2_misspec.py,3008,98b76e88784290f1d72301358b9c036181f417368528716da00432c3b1600963
EXP2.zip,mutants/mut_p31_R_demand_Donghai_1_constraint.py,candidates/mutants/mut_p31_R_demand_Donghai_1_constraint.py,6878,df825aa4213368ce68b42550ff19d7556090c9c1d5cbf5a5b1247822557ab5bd
EXP2.zip,mutants/mut_p31_R_demand_Donghai_2_constraint.py,candidates/mutants/mut_p31_R_demand_Donghai_2_constraint.py,6874,6097a78b6fe3f42159d7a0f54a3d531f49ca50d07ebb377742456f4ba1de452c
EXP2.zip,mutants/mut_p31_R_obj_p3_shortfall_objective.py,candidates/mutants/mut_p31_R_obj_p3_shortfall_objective.py,6876,22f158e538d6fbe14555a9f22dbc87f687a7361b1c9003f1d9c203cfa1018321
EXP2.zip,mutants/mut_p32_R_obj_Cmax_objective.py,candidates/mutants/mut_p32_R_obj_Cmax_objective.py,14762,eead594f7d51ddd3a93b54eb63cb1178b662f23c8b921997b58cc31913a65ac9
EXP2.zip,mutants/mut_p32_R_route_precedence_pos_1_vat_2_constraint.py,candidates/mutants/mut_p32_R_route_precedence_pos_1_vat_2_constraint.py,14765,b85147403532b3677b82a3c216f7fe4c57f4107200977456abf4ca970c374b28
EXP2.zip,mutants/mut_p32_R_route_precedence_pos_1_vat_3_constraint.py,candidates/mutants/mut_p32_R_route_precedence_pos_1_vat_3_constraint.py,14765,16568d391518100e5b1085bb9c699fce01034ffe03056616df0d79965a43582d
EXP2.zip,mutants/mut_p34_R_integer_trucks_trucks_A_domain.py,candidates/mutants/mut_p34_R_integer_trucks_trucks_A_domain.py,2704,96ab799b8c5d03c4e3e3f0350a7760f521425ebe3643da1cd44bf5b4a4d192b5
EXP2.zip,mutants/mut_p34_R_obj_trucks_A_objective.py,candidates/mutants/mut_p34_R_obj_trucks_A_objective.py,2706,83b4ba074bcfbea7833e63b3c3428a84820b9cef3be81248932e56f199abc3e6
EXP2.zip,mutants/mut_p34_R_raw_A_constraint.py,candidates/mutants/mut_p34_R_raw_A_constraint.py,2706,00421bd7e1962416277d05092fe7bb3f1d7bbedb178d83c958185077f12ec40c
EXP2.zip,mutants/mut_p35_Rbinary_y_domain.py,candidates/mutants/mut_p35_Rbinary_y_domain.py,2730,9773c7f0f5ee1a8042c0b8c7d8008b635a507a71f82270753ffbe8cf7e89c039
EXP2.zip,mutants/mut_p35_Rcaplink1_linking.py,candidates/mutants/mut_p35_Rcaplink1_linking.py,2755,b6e4b7376b702f5b1fa4c4c53b971ee79bcee69f0af4feba6b3a5ac263e250a7
EXP2.zip,mutants/mut_p35_Rdemand1_misspec.py,candidates/mutants/mut_p35_Rdemand1_misspec.py,2767,5ec00ee9f216a78373beaf1202a3968f146989ae895cd03e7ec60fa7805682a4
EXP2.zip,mutants/mut_p35_Robj_objective.py,candidates/mutants/mut_p35_Robj_objective.py,2734,08ffb3a07a3a925118dffbd189c3a853019fe5d68f52d5c4f73f310838fbfa8f
EXP2.zip,mutants/mut_p36_R_at_least_two_lengths_constraint.py,candidates/mutants/mut_p36_R_at_least_two_lengths_constraint.py,5361,10df6bde7ca10c26fc3c4c324fc8096a8adad8e809d317d814edd9c388920c2f
EXP2.zip,mutants/mut_p36_R_binary_y_y_1_domain.py,candidates/mutants/mut_p36_R_binary_y_y_1_domain.py,5359,8ba119e5ab4af9ac23259084a876852226b10c25a7e56ed044d9b987e27cad64
EXP2.zip,mutants/mut_p36_R_obj_x_1_1_objective.py,candidates/mutants/mut_p36_R_obj_x_1_1_objective.py,5361,432b6c1e3f257c87509d8ce612b060b31f2c75c0be5dc430a2a57477e37b9f7d
EXP2.zip,mutants/mut_p37_R_capacity_1_constraint.py,candidates/mutants/mut_p37_R_capacity_1_constraint.py,4575,2488954a4b4cdf8f87b952b988dfdbc5a7583690e163c443f234fd27fb040c0e
EXP2.zip,mutants/mut_p37_R_capacity_2_constraint.py,candidates/mutants/mut_p37_R_capacity_2_constraint.py,4575,01c9114e2fd84e58339398c84213c2c72d6ebddb1f098ef32564e61526dbb30c
EXP2.zip,mutants/mut_p37_R_profit_definition_profit_objective.py,candidates/mutants/mut_p37_R_profit_definition_profit_objective.py,4573,6f9b65991ec448186937cf6ccd4bcc98adfc841c41f257fbe227a7fe3e2f6228
EXP2.zip,mutants/mut_p38_R_balance_II_10_constraint.py,candidates/mutants/mut_p38_R_balance_II_10_constraint.py,8994,b89896d2c4b30885ffbfd347af1fb8a947a1eb208c9c57c30b7a69293a7c96ec
EXP2.zip,mutants/mut_p38_R_balance_II_11_constraint.py,candidates/mutants/mut_p38_R_balance_II_11_constraint.py,8994,766ccbf262b5d9440cce4a3607391b1519807dc36034970933909f4ea66c9c34
EXP2.zip,mutants/mut_p38_R_obj_prod_I_7_objective.py,candidates/mutants/mut_p38_R_obj_prod_I_7_objective.py,8994,5c51857151d9776d5782cabd33f2c052084b00966ae0ce5a043d35830989e7aa
EXP2.zip,mutants/mut_p39_R_cmax_B_constraint.py,candidates/mutants/mut_p39_R_cmax_B_constraint.py,4302,9a17456b996be4cc9351ced0bd789539913854a0464bd9a58af3b025fee2dce6
EXP2.zip,mutants/mut_p39_R_obj_Cmax_objective.py,candidates/mutants/mut_p39_R_obj_Cmax_objective.py,4300,a99d9fdb21aa1e92458c96e44a833d898aca099551c2efd151bbfe19f8311fdd
EXP2.zip,mutants/mut_p39_R_prec_A_D_constraint.py,candidates/mutants/mut_p39_R_prec_A_D_constraint.py,4302,e1b7762117d38c7a1c2b9b8140214d8420c5d8ec676073e0e66cdaadc175e7ae
EXP2.zip,mutants/mut_p3_R2_constraint.py,candidates/mutants/mut_p3_R2_constraint.py,3179,487354facb5a9fd17987b8e1bdacc8fd19f0b6e6fd6baeae18a26830e0224daf
EXP2.zip,mutants/mut_p3_R7_s2_domain.py,candidates/mutants/mut_p3_R7_s2_domain.py,3177,5c3be3e9698706e74f6e057ec1665290a5e2532e2967c3175d2ff36620d532e6
EXP2.zip,mutants/mut_p3_R9_s2_objective.py,candidates/mutants/mut_p3_R9_s2_objective.py,3179,6e300032cc3f90b4a7a2297c1cec97f7cf20ee007a9fdf0abc3cefd2c15dbf13
EXP2.zip,mutants/mut_p40_R_max_labor_constraint.py,candidates/mutants/mut_p40_R_max_labor_constraint.py,5923,580d19b9408f33aaffbfc9766168fb513b3d7f34e0b0202525055dbffff584de
EXP2.zip,mutants/mut_p40_R_max_skilled_constraint.py,candidates/mutants/mut_p40_R_max_skilled_constraint.py,5923,f2b8cbc26f0616fb05e191d33bb5dcbc971acf9a9430cdba615806c702b3ab48
EXP2.zip,mutants/mut_p40_R_obj_skilled_t1_A_objective.py,candidates/mutants/mut_p40_R_obj_skilled_t1_A_objective.py,5923,bc43750d9dd75740f908438acb6bd412b85756766904df5c96e886f089ee863f
EXP2.zip,mutants/mut_p41_R_liquid_balance_constraint.py,candidates/mutants/mut_p41_R_liquid_balance_constraint.py,3024,f3752286815c59cf7aef2499fa1382b9de7b43052fe52ec5339b516c1c252999
EXP2.zip,mutants/mut_p41_R_machine1_capacity_constraint.py,candidates/mutants/mut_p41_R_machine1_capacity_constraint.py,3028,ab16cb2c89f47e421dddc276e2a992f4957b9b5b1b45cb4d20bc1a207e2e9c82
EXP2.zip,mutants/mut_p41_R_obj_ending_solid_objective.py,candidates/mutants/mut_p41_R_obj_ending_solid_objective.py,3026,22235c4334eb82d306a2261729ad6b2f2928ce9e4a39c858b90093d40abf883a
EXP2.zip,mutants/mut_p42_R_availability_1_lhs_constraint.py,candidates/mutants/mut_p42_R_availability_1_lhs_constraint.py,3197,c13b0e1281619a423418f73bdd1213724fcea661fd86c25eb43b937e9ba70e92
EXP2.zip,mutants/mut_p42_R_availability_3_rhs_constraint.py,candidates/mutants/mut_p42_R_availability_3_rhs_constraint.py,3197,e691e7ceb72fb7a564c49d2ed06f5e99f96ccf67ab8553061256d47b8416b089
EXP2.zip,mutants/mut_p42_R_demand_2_capability_constraint.py,candidates/mutants/mut_p42_R_demand_2_capability_constraint.py,3197,216c96267f1780e2e53d16a1cdc9a9e2e10fca2c73319342cb92e0399533c430
EXP2.zip,mutants/mut_p43_R_integer_domain.py,candidates/mutants/mut_p43_R_integer_domain.py,3221,259665e34045d65eccb0aa753fff6308b6b8e40e8a0d0e4153f40c673f256ce8
EXP2.zip,mutants/mut_p44_R_first_machine_2_constraint.py,candidates/mutants/mut_p44_R_first_machine_2_constraint.py,4927,389196a4e7c2fc043fa425182285b7ad0eabf8fa01e7baf1c9789f666e87c044
EXP2.zip,mutants/mut_p44_R_machine1_sequence_2_constraint.py,candidates/mutants/mut_p44_R_machine1_sequence_2_constraint.py,4927,5e7e38b420394d1ed8b982bdd177d81ce87e6666c7c8dc45a5f90e13eaf9056c
EXP2.zip,mutants/mut_p44_R_machine2_sequence_2_constraint.py,candidates/mutants/mut_p44_R_machine2_sequence_2_constraint.py,4927,f0754ec181ef73df74e844ea4e04d4ebc9090e54888afdb76a94ce03cb517c6e
EXP2.zip,mutants/mut_p45_R_integer_domain.py,candidates/mutants/mut_p45_R_integer_domain.py,2784,a05b1abbd909f6a7ecf8820c11b7c4292e8d5386443cc54f74782e676bab9f32
EXP2.zip,mutants/mut_p5_R3_constraint.py,candidates/mutants/mut_p5_R3_constraint.py,3562,f12230d076b74febdfb314271c189ca2effe22fdb698babb46075b231242d1ce
EXP2.zip,mutants/mut_p5_R8_sel_calculus_domain.py,candidates/mutants/mut_p5_R8_sel_calculus_domain.py,3560,fca1611f21381608ddf06eec1bd49ebea4ba0255c3ce90832de20ba76137f267
EXP2.zip,mutants/mut_p5_R9_sel_calculus_objective.py,candidates/mutants/mut_p5_R9_sel_calculus_objective.py,3562,3150b49c2f0d8f7fbd0fa8ec88fc4d886c0f5169a018f1b1334c900413cb44ce
EXP2.zip,mutants/mut_p6_R_bal_5_constraint.py,candidates/mutants/mut_p6_R_bal_5_constraint.py,5068,b5cfa7f64081ecb3767282e12697e8419147d1203efa110a70cf3b7020a6d940
EXP2.zip,mutants/mut_p6_R_obj_x_4_1_objective.py,candidates/mutants/mut_p6_R_obj_x_4_1_objective.py,5066,3107d22631799b15e928e66cb9a75f7ea24b22b4a3e834d57596ecd4b9c8ff29
EXP2.zip,mutants/mut_p8_R_obj_s1_objective.py,candidates/mutants/mut_p8_R_obj_s1_objective.py,3173,49e87771e559ee7246677659c5777de5b12601c5cf1da4ac4713174672bc59b9
EXP2.zip,mutants/mut_p9_R_day1_constraint.py,candidates/mutants/mut_p9_R_day1_constraint.py,3589,3199f3cede0dae0b087a467a9bf4f67b02da8381bf43d9355112ea57cb6b2aa4
EXP2.zip,mutants/mut_p9_R_int_s0_domain.py,candidates/mutants/mut_p9_R_int_s0_domain.py,3587,d32ac1171f6ed4f22c3c328d43fc38fad5cf27aa528245285a8a14660e2ae022
EXP2.zip,mutants/mut_p9_R_obj_s0_objective.py,candidates/mutants/mut_p9_R_obj_s0_objective.py,3589,90202449de10ceb94f2b876222039f08019790f4ecf48ec39e6e1614bd838410
EXP2.zip,mutants/GOLD_METADATA.json,candidates/manifests/GOLD_METADATA.json,22238,f63f647a9b818b42c69d2f0c0cc01d378c0ad1cffe1537c9d1080428fb45f1c8
EXP2.zip,mutants/MUTANT_MANIFEST.json,candidates/manifests/MUTANT_MANIFEST.json,117556,076de762591b1d5ae6d1286fa5f9c575c02d0fec1cbecc04c92e84240431c10f
EXP2.zip,mutants/MUTATION_CANDIDATES.json,candidates/manifests/MUTATION_CANDIDATES.json,69825,8cd96aceb4adff70f82fe890ba1386a50f39e28cb5dd57292ea9e3809ffd62a9
EXP2.zip,mutants/MUTATION_PLAN.json,candidates/manifests/MUTATION_PLAN.json,44196,ecf1f61b31c4948a2d87e1d2f54cdfca3f4efde38262eba4dad57fc2ebb72a6f
exp_2_ 3(1).zip,exp_2_/gemma_v42_full_111.zip,original_artifacts/runs/gemma_silentor_partial_run.zip,54582209,72ebca0b084abc8882572e3161ac0403751c5be0a3196416ad6e5b422c1956f9
exp_2_ 3(1).zip,exp_2_/gemma3_12b_track0_full111.zip,original_artifacts/runs/gemma_direct_detector_full111.zip,342147,c4d9bc24470e30eebfdba6d7973232b6a8d572c1c3f52fb75f1639a272991bb7
exp_2_ 3(1).zip,exp_2_/gemma3_12b_trackA_full111 3.zip,original_artifacts/runs/gemma_requirement_list_full111.zip,376603,5833c39701b6b9dd5cc2621a0a2a3429749ad3f50516cdc4bc4e854fc2633e2f
exp_2_ 3(1).zip,exp_2_/gemma3_12b_track0_full111/results.csv,results/gemma/direct_detector/results.csv,425103,8e3c1a76a875fe18d7c6b78038acba803147acb62d7006278a49194961c216d0
exp_2_ 3(1).zip,exp_2_/gemma3_12b_trackA_full111/results.csv,results/gemma/requirement_list/results.csv,512484,c5ca7621e2de6294052c4d7e03682cf90247c2cb712320c7c37ba24857f79bb1
exp_2_ 3(1).zip,exp_2_/gemma_v42_full_111/score_report.md,results/gemma/silentor/score_report.md,104673,1e668354a4b28c22f61b576d03836313d124e258ed54cb200e06146a1262f72e
exp_2_ 3(1).zip,exp_2_/gemma_v42_full_111/shadow_policy_scores.csv,results/gemma/silentor/shadow_policy_scores.csv,5758,74d03d7482083589ce693a352d61511aaf4c08c661fa012b518f0816c6256518
exp_2_ 3(1).zip,exp_2_/gemma_v42_full_111/shadow_policy_report.md,results/gemma/silentor/shadow_policy_report.md,4578,f0e196982d48e1773495b351119b9843eb1b173fca37d8991f7f1dbe3a71b4e1
exp_2_ 3(1).zip,exp_2_/gemma_v42_full_111/invalid_rows_excluded.csv,results/gemma/silentor/invalid_rows_excluded.csv,1516,75f4e6ea144b89f01be514f422fb98068c9ea9f4d765661015407cb5d615a7d3
exp_2_ 3(1).zip,exp_2_/gemma_v42_full_111/shadow_policy_invalid_rows.csv,results/gemma/silentor/shadow_policy_invalid_rows.csv,1500,5dec7f8edd4fc8a38137acaf990975fdfa4b59d647e1705f98bdb5761feb70fc
exp_2_ 3(1).zip,exp_2_/gemma_v42_full_111/diagnostic_localization_trace.csv,results/gemma/silentor/diagnostic_localization_trace.csv,11458,82739a2cd5269c46401656c7f02b4c0e2f3b4ea70af15cff395b3e7081ed8ff4
exp_2_ 3(1).zip,exp_2_/gemma_v42_full_111/diagnostic_localization_trace.md,results/gemma/silentor/diagnostic_localization_trace.md,453,15fb0371c2bf0c04ed0461013e7398c85f0157c8649c9b4a7abfd63a1c5f853f
exp_2_ 3(1).zip,exp_2_/gemma_v42_full_111/scores_by_cell.csv,results/gemma/silentor/scores_by_cell.csv,2317,87df77678343e4ae44e6f3f56c12fcae37334798823e8e2d9da84e94ae9ae58f
exp_2_ 3(1).zip,exp_2_/gemma_v42_full_111/scores_by_detectability.csv,results/gemma/silentor/scores_by_detectability.csv,356,645b1f74084bddda1d0f618fbaf9d844b19a4bb1366997b17290dccc90a758fd
exp_2_ 3(1).zip,exp_2_/gemma_v42_full_111/v40_track_scores.csv,results/gemma/silentor/v40_track_scores.csv,1033,a51d59527a4991cb16321001dcc08263f170d9c1b168f57b4a6ee8bdf5759ac6
exp_2_ 3(1).zip,exp_2_/gemma_v42_full_111/detectability_strata_report.md,results/gemma/silentor/detectability_strata_report.md,566,50dca747dd356382b46f70be420f73658b2a3b26b89d1f6f2dc152d2fe1e1a40
exp_2_ 3(1).zip,exp_2_/gemma_v42_full_111/reason_manual_review.csv,results/gemma/silentor/reason_manual_review.csv,7757422,73ff7d2ec5584694dc0f0a3cf6276e35176b2e6278c6ad953434bd5f5bbbec1f
supplied standalone file,Fig_1(1).png,figures/original/pipeline_overview_color.png,1913641,d28313af8b8c99820ef4ff1de3571d5a1884a703fdb27407b19c0fa4681fd9bd
supplied standalone file,algo .png,figures/original/algorithm_block.png,1283644,196fae3100d5a1ca107f52c7c5b4d741ff50ff9e1375188a4149497947160d58
supplied standalone file,injected_bug(1).png,figures/original/mutation_taxonomy.png,1731190,ca0333769ed796ed0d292fb9a65d4f3d92b200f3460b203c7932beeda3906413
EXP2.zip,context_preflight.py,configs_prompts/source/context_preflight.py,4659,ad8b7ea18c45c5793b3c2566c2f9637b839c29793a573a11b0ca2b9c84b1d9fb
EXP2.zip,experiment_configs.py,configs_prompts/source/experiment_configs.py,541,8306def00a3c2ea8730489545fe7b6a9b4e63a9f1f4b77c7d22327ed08ab61a2
EXP2.zip,flow_semantics.py,configs_prompts/source/flow_semantics.py,6791,d516b5ca5721b8aab2b8e9349530e65afaa03c95fa1efdc61316367c0a6a0fb6
EXP2.zip,freeze_manifest.py,configs_prompts/source/freeze_manifest.py,4618,43fc21488344496b49f96963c20649cdcbd9f308e8670f655b70b4e0879c7c92
EXP2.zip,judge_panels.py,configs_prompts/source/judge_panels.py,19622,4f78969d37bb4754bbbf97b2e35c40da6b765671291b6891f0645e0ec25aca30
EXP2.zip,probe_engine.py,configs_prompts/source/probe_engine.py,142587,26f6dc72b03c2304dc440e5251f35ee84fc66295d18aca2ca9c10b4fc93cd9dc
EXP2.zip,probe_forensics.py,configs_prompts/source/probe_forensics.py,7647,fbca3282e6e49d9520a3b0a9b5b3bbeef9edb75a1afd9193883358b10de5ee83
EXP2.zip,probe_roundtrip.py,configs_prompts/source/probe_roundtrip.py,14061,666353d8203e3de47dc1abfb070879b1faa64ae3251a331f354e28d664f07e01
EXP2.zip,probe_schemas.py,configs_prompts/source/probe_schemas.py,14371,c8f24522b3836d45b9b569df467e7c812c3d4735ccacad2bbeec793179f20c0c
EXP2.zip,problem_metadata.py,configs_prompts/source/problem_metadata.py,28157,8383b7dcbffa29b067d0bf1ac4b874d5c3eca026be34d67a25dd1917580e25e1
EXP2.zip,request_identity.py,configs_prompts/source/request_identity.py,2837,34fb66bf9020f6a5cd3806f70a600861e50079e27929d22bcddf39d2653a33db
EXP2.zip,requirement_provider.py,configs_prompts/source/requirement_provider.py,11351,f479eae97abd5ef5a16fbd0903f1d23dd912902b7fc60beaeb0ad793ca1f22bd
EXP2.zip,runtime_context.py,configs_prompts/source/runtime_context.py,4675,16aaa1c764bd7fa7366039a8d8692b82d006f8d69d79df90ae475c0eda829e43
EXP2.zip,shadow_witness_architecture.py,configs_prompts/source/shadow_witness_architecture.py,32565,2bb9060ef87e3b6cf1a613664086a5e9d23815eaa51daef152e26bc81ecea5a3
EXP2.zip,structural_evidence.py,configs_prompts/source/structural_evidence.py,24740,4a56e050c1b14cec8389e6d3f522573e729c3d5a4a0943ed7c7aae285ff0637d
EXP2.zip,track_b.py,configs_prompts/source/track_b.py,87681,9564f4bd4c9d47fff9cef4f02248f42154660c105f8867ff8a3c81c673c2fc6c
EXP2.zip,track_b_localization.py,configs_prompts/source/track_b_localization.py,12704,f4115a570249be477c5155a01931106d727a2143e3aee678eb6ddfc3b991926a
EXP2.zip,configs/prompt_freeze_manifest.json,configs_prompts/configs/prompt_freeze_manifest.json,10746,a2de42a5d73bdae31b868c6dfa98869a766c87470517478a234ca1c002012fa7
EXP2.zip,requirements.txt,original_artifacts/code_files/requirements.txt,41,2ea5cfa8154ee4ebe13324c75cc682cda34795f20254d718be9ab299f918b90c
EXP2.zip,candidate_registry.json,original_artifacts/code_files/candidate_registry.json,19888,5b3c6a2bbc206bca15ce93a901caff65113c4064b768855f19e5f3e67638b5d8
